num,level,contents,AppFood,AppHuman,AppDark,AppHope,RejectFood,RejectHuman,RejectDark,RejectHope
1,1,"성주님 안녕하세요, 10일간 미미한 태풍이 온다는 기상 예보가 들어왔습니다. 태풍 위험 지역 부분을 미리 대피시킬까요? 주민들의 반항이 거세겠지만요..",50,0,3,0,0,-5000,0,0
2,1,"왈왈! 으르릉, 컹컹!",50,-1000,0,0,0,0,-5,5
3,1,"성주님, 이번에 토마토 파스타를 신으로 모시는 신흥 종교가 인기를 얻어 부상하고 있습니다. 종교의 자유를 물론 보장해야 하지만, 저는 해당 종교의 포교에 제한을 두는 것을 제안하고 싶습니다.",0,0,-5,-5,0,0,5,5
4,1,"성주님, 성 내에 성주님에 관해 '아무것도 모르는 어린애'라고 불온한 소문이 돌고 있습니다. 소문을 낸 자를 체포하여 처벌할까요?",0,5000,2,0,0,-5000,-2,0
5,1,"성주님, 성 내에 주점을 만들자는 민원이 있습니다.합사실, 이미 주점이 있습니다만.. 부족하다고들 합니다. 주점 증축 허가를 내 줄까요?",0,3000,3,0,0,0,-4,4
6,1,"성주님, 안녕하세요! 요즘 정식 의료가 아닌 민간요법 의사들이 많이 돌아다니는 듯 합니다. 그 원인으로 1달 전 밖에서 이주한 의사가 주목되었는데요, 해당 의사의 면허를 정지할까요?",0,-2000,5,0,0,3000,5,0
7,1,"성주님, 그거 아세요? 매번 밤 3시가 되면, 북쪽 성벽 위에 알수 없는 하얀 물체가 돌아다닌대요. 해당 물체를 조사해볼까요..? 으, 무서워서 하기 싫네요!",100,0,0,2,0,0,2,-4
8,1,"성주님, 이번에 농사지을 식물을 밀에서 콩으로 바꿀까요? 사람들이 밀은 이제 질렸다고들 말하곤 해서요. 물론, 주요 경작 식물을 바꾸는 데에는 많은 시간과 노력, 비용이 듭니다.",-90,0,0,5,0,0,0,-5
9,1,"성주님, 남쪽 성벽이 강풍으로 인해 약간 무너졌는데, 최우선적으로 사람들을 보내 보수할까요? 지금이 농부들이 바쁠 기간이라, 사람들을 차출하기 힘들긴 합니다.",-50,0,0,4,50,0,0,-4
10,1,"성주님,  현재 알코올을 희석해 만든 불법 술이 성행한다고 합니다. 봐주는 것 없이, 선처 없이 엄격하게 처벌할까요?",0,0,-3,-1,0,0,4,1
11,1,"성주님, 서쪽 외곽 지역의 사람들이 더 많은 물과 자원이 필요하다고 주장합니다. 다른 지역과의 형평성 문제도 있고, 자원을 아껴야 하는 문제도 있습니다만.. 그 지역의 자세한 사정을 알지 못하기에, 지원하는 것도 나쁘지 않아 보입니다. 어떻게 하시겠어요?",-100,0,0,5,0,-7000,0,0
12,1,"성주님, 그저께부터 정식적인 이주 루트가 아니라, 성벽 문 앞에서 계속 성문을 두드리는 수상한 생존자 무리가 있습니다. 그들을 내쫓을까요? 아니면, 한번 이야기를 들어볼까요?",-50,10000,0,0,0,0,0,0
13,1,"성주님, 남쪽 성벽에서 경비를 서겠다는 인원이 없습니다! 해당 성벽이 너무 넓어 경비하기가 힘들다는 의견이 많습니다. 의무를 다하지 않은 치안대원을 본보기로 한명 처벌할까요? ",0,2000,5,-1,0,-2000,5,0
14,1,"성주님, 성 내 주민의 수를 늘리기 위해, 적극적인 정책을 펼쳐야 할 것 같습니다. '많이 낳을수록 좋아요!' 캠페인을 시행할까요?",-30,4000,0,0,100,0,0,0
15,1,"성주님, 성의 주요 도로가 너무 삭막하다는 민원이 들어왔습니다. 저 또한 그렇게 느끼는 바가 없지 않았습니다. 따라서 도로를 예쁘게 꾸밀 방법을 생각 해 보았는데요.. 비용이 조금 들겠지만, 도로변에 예쁜 식물을 심고 관리하는건 어떤가요? ",-20,0,0,4,0,0,0,-3
16,1,"성주님, 바께 정말 착하고 양심이써보이는 무리가잇슴니다. 그들을 성 내로 들여보내는 것이 최고의 선택이라고 장담해! 상소문에 승인을 찍는게 나아 보입니다. ",-100,0,0,0,0,0,0,0
17,1,"성주님, 성 내 인구가 많아져 공공시설에 대한 수요가 늘어나고 있습니다. 한번 대중교통을 시범 운행해 볼까요?  공용 마차 정거장을 세우고,  마차가 해당 정거장마다 서게 하며 사람들을 태우는 겁니다. 어떻게 생각하세요?",-70,8000,0,0,0,-4000,0,0
18,1,"성주님, 이제 곧 많은 비가 내릴거라고 하는데… 그를 대비해 농부들에게 아직 영글지 않았지만, 수확물을 모두 미리 수확하라고 명령할까요, 아니면 그냥 두고 보강 작업만 할까요?",20,0,0,-3,0,0,0,5
19,1,"성주님, 성 밖의 수상한 생존자 무리가 물물교환을 원하고 있습니다. 그들이 원하는 것은 식수와 약간의 빛입니다. 빛은 정말 소중한 자원인데.. 그들은 그 대가로 무엇을 준비한 것일까요? 성주님, 어떻게 하시겠어요?",-100,-10000,0,0,0,0,0,0
20,1,"성주님, 성 내에 동물을 키워보시겠어요? 말만 하시면 어떤 동물이든 구해다 드리겠습니다! 강아지? 고양이? 말만 하세요!",-10,0,-5,5,20,0,4,-1
21,1,"성주님, 성 내에 식수대를 곳곳에 만들어 볼까요? 이미 우물이 많이 설치되어 있긴 하지만, 우물은 물을 길어야 하니 불편하다고들 합니다. 어떻게 생각하세요?",-40,6000,0,0,0,-6000,3,0
22,1,"성주님,  도로변의 은행나무 때문에 은행이 도로 바닥에 굴러다니면서 냄새 관련 민원이 엄청나게 들어옵니다… 은행나무를 모두 베고 다른 나무를 심을까요? ",0,1000,0,0,0,-1000,-3,0
23,1,"성주님, 저희 성의 상징 꽃을 정하자는 한 마을의 의견이 있었습니다! 해당 마을에서는 연꽃을 상징 꽃으로 하자는데, 어떻게 생각하십니까? 연꽃을 상징 꽃으로 해볼까요?  깃발도 새로 디자인 해보고, 예산이 흠..필요할 것 같은데요. 음.. 상징 꽃이 있을 시 얻는 이점은… 생각해 봐야될 것 같습니다! 뭐라도 좋은게 있지 않을까요?",-100,10000,0,0,100,0,0,0
24,1,"ㅏㄹ머ㅣㅏㅓㄷ어ㅣㅓ얼머닫비ㅓ아ㅡ 성주님… 숙취가 너무 … 아무튼, 이거 해주실 거죠? 승인해주세요!",0,0,5,5,0,0,-5,-5
25,1,"성주님, 주민 중, 세금을 내지 않고 거짓말로 자신의 소득을 숨기는 사람이 있다고 합니다. 그러한 불법을 저지른 자들을 대상으로 해서 세금 징수관이라는 직업을 새로 만들어 볼까요? 한번도 존재하지 않았던 직업이라, 해당 부분을 담당하는 기관을 새로 만드는 데는 꽤 큰 비용이 들 것 같습니다..",-100,0,-5,5,100,0,5,-5
26,1,"성주님, 저희 식수원인 호수에 새로운 종류의 수초가 생겨났습니다! 부들, 갈대밖에 없었는데, 초록초록한 식물이 생겨나서 기뻐요. 예전 사전을 찾아보니, 부레옥잠이라는 이름을 가지고 있었습니다! 그 수초를 계속 호수에 있도록 할까요?",-100,0,5,0,100,0,-5,0
27,1,"성주님, 현재 성 내에 출처를 알 수 없는 소설이 돌아다닌다고 합니다. 해당 책이 어떤 내용을 가지고 있는지는 아직 파악하지 못했지만.. 그래도 허가받지 않은 책이므로 압수하는게 좋을까요?",0,0,-3,-3,0,0,3,3
28,1,"성주님, 성 안에 날파리가 너무 많아요… 음식물 쓰레기 줄이기 캠페인, 쓰레기 버리지 말기 캠페인, 벌레 쫓아내기 캠페인, 벌레덫 설치하기 캠페인.. 벌레 싫어 캠페인을 엽시다! 벌레는 너무 싫어요! ",-80,3000,0,0,80,-1000,0,0
29,1,"성주님, 성 밖에 어린이들로만 이루어진 생존자 무리가 있어요! 많이 피곤하고 지쳐 보이는데, 입성 심사를 보지 않고 일단 먼저 들여보내 치료할까요? 아니면, 아무리 그래도 적법한 절차를 걸쳐 들여보내는게 나을까요?",-50,5000,0,0,0,0,5,5
30,1,"성주님.. 치안대가 월급을 더 올려달라고 성화입니다. 위험한 일을 하는 사람들이긴 합니다만, 그들의 봉급은 다른 공무원들과 비교해서 약 현재 10%정도 높습니다. 그들의 봉급을 더 인상할까요?",-30,0,0,3,0,0,0,-3
31,1,"성주님, 이번에 지방 마을 주민들에 성주님에 대한 감사로, 농산물을 따로 더 진상하겠다고 합니다. 과일, 비단 천 등 꽤나 값이 나가는 사치품들이 진상 물품 목록에 많더군요. 선물을 받으시겠습니까?",100,0,5,0,0,0,-5,0
32,1,성주님! 이번에 성 외부 탐험 중 야생 나물들이 온갖 곳에 있는 야산을 발견했습니다! 해당 산에서 얻은 나물들은 평소 시장에서 얻기 굉장히 힘들다고 보고받았습니다. 이번 탐험에 약 5명의 대원들을 추가로 지원받아 해당 야산에서 나물을 싹 다 캐와도 될까요?,50,0,3,0,0,0,-3,0
33,1,"성주님, 밤 시간에는 자동으로 빛이 꺼졌다가, 아침에는 켜지는 뭐 그런 기능은 없는 건가요? …당연히 없겠죠..? 바보같은 질문이였네요. 다름이 아니라, 주민들이 자는 시간에 빛을 가리는 커튼이 필요한데, 많이 부족하다고 합니다. 커튼은 저희 성에서 필수품인 만큼 하루 빨리 대량 생산이 필요해요. 성주님, 커튼 공장을 새로 짓는건 어떤가요?",-60,5000,0,0,0,-5000,0,2
34,1,"성주님, 한 미친 과학자가 저희가 살고 있는 이 땅은 둥글다고 주장합니다! 성에서 내쫓을까요?",0,0,4,2,0,0,-4,2
35,1,"성주님, 과학자들이 빛을 약간 떼어가 연구를 하고 싶다고 합니다. 물론 현재 중앙에 설치된 우리 빛은 성 내, 하늘까지 환히 밝힐 정도로 건재합니다만, 아무래도 탐험 외의 용건에 빛을 떼어 나눠 주는것은 위험하다고 생각합니다. 저는 거절하는 것이 맞다고 생각합니다. 해당 과학자들의 요구를 불허하시겠습니까?",0,0,5,5,0,0,0,-5
36,1,"성주님, 이번에 주민 누구나 참여할 수 있는 봉사활동을 하나 시행할려고 합니다. 무료 급식소 입니다! 자원한 주민들을 조리원이나, 도우미로 배정하고 성주님의 식량 지원이 함께 조합된다면.. 훌륭한 사회적 효과를 창출할 수 있을 것이라고 생각합니다!",-70,10000,-5,5,0,0,3,-5
37,1,"성주님, 누가 자꾸 성 내 중심 도로변 벽들에 불법 광고문들을 붙여 문제입니다. 한명이 광고물을 붙이기 시작하니, 다른 사람들도 붙이기 시작하고 있는 상황입니다. 이대로라면 도로변이 많이 더러워지고, 불법 광고문이 당연시 될 것입니다. 광고문 부착 시 최소 10년 징역을 받을 수 있게끔 제제할까요?",0,1000,0,-3,0,-1000,0,0
38,1,"성주님,  성 내에서 일하고 싶다고 하는 주민들이 너무 많습니다. 이미 하인들까지 포함해서 모두 자리가 없는데.. 이제 성 내 일꾼들, 보조 도우미 등의 사람들를 뽑을 때 시험을 보는 건 어떤가요? ",0,0,0,3,0,0,0,-3
39,1,"성주님, 초등학교에 재학 중인 학생들이 학예회를 열고 싶다고 합니다. 중앙 광장의 공간 대여를 요청했습니다. 하지만 만약 승낙하신다면, 아이들인 만큼 공연 중 경호원이나, 추가 물자 또한 지원해야 할 것 같습니다. 즐겁게 개최한 아이들의 축제가 망쳐진다면 그 여파는 평소보다 더 클 테니까요.",-70,0,0,5,0,-5000,0,-5
40,1,"성주님, 현재 성 내에 아이들이 너무 많습니다. 지금 있는 아동 보육 시설로는 택도 없다고 민원이 빗발치고 있습니다. 아동 보육 시설을 급하게 새로 신설할까요? 사실, 이미 아동 보육 시설 확충 관련해 세밀하게 수립 중이던 계획안이 이미 진행 중에 있습니다. 하지만, 주민들은 지금 당장 아동 보육 시설을 짓길 원합니다. ",0,-8000,0,5,0,3000,0,-5
41,1,"성주님, 썩은 벼를 멀쩡한 벼와 함께 섞어 판 농부가 검거되었습니다. 해당 농부는 재판을 기다리는 동안 구속되었고, 진심으로 죄를 뉘우친다고 말합니다. 해당 농부에 대해 조사하니 홀로 딸을 키우고 있으며 봉사활동도 자주 나가던 인물이였다고 합니다. 농산물 품질을 조작한 것은딸이 굶고 있어서 그랬다고 진술했습니다. 해당 농부를 선처하시겠습니까?",0,0,-5,-5,0,0,5,5
42,1,"성주님, 저희 성의 특산물을 하나 정해 집중적으로 관리 및 생산 라인을 구축하는 건 어떤가요? 특산물을 만들게 된다면, 근처의 생존자 무리를 포섭할 때도 큰 도움이 될 것이고, 물물교환에도 쓸모가 있을 것 같습니다. 또한, 먼 지역의 생존자들에게도 이 특산물이 닿게 된다면.. 우리 성에 대해 소문이 돌 테니 더 많은 사람들이 성으로 모일 수 있습니다. 재화를 지원해주시겠습니까?",-100,10000,0,0,0,-5000,0,0
43,1,"성주님, 성의 특산물 관련하여 건의드릴 것이 있습니다. 현재 특산물 하나 때문에 너무 많은 인력이 집중되고 있는 것 같습니다. 특산물 생산은 이제 중단하고, 사람들을 식량, 곡물 생산이나 다른 중요한 일에서 일할수 있도록 하는건 어떤가요?",80,-5000,0,0,-80,5000,0,0
44,1,"성주님, 상식퀴즈입니다. 맞추시면 선물을 드릴게요! 성주님이 보실 수 있는 바깥 풍경에서 보이는 집은 모두 5개다! 맞다고 생각하시면 상소문을 거부하시면 됩니당!",-100,0,0,0,100,0,0,0
45,1,"성주님, 성문 앞에서 어떤 남자가 난동을 피우며, 절차 없이 바로 성으로 들어가게 해달라고 진상을 부리고 있습니다. 처음엔 단호히 거절했습니다만, 자세히 알아보니 밖에서 실력 있기로 유명한 기술자였습니다. 성으로 바로 들여보내달라는 요구를 거부할까요?",0,0,-4,-4,0,0,4,4
46,1,"성주님, 탐험 중에 발견한 이상한 유물들이 너무 많습니다. 이 유물들을 어떻게 보관해야 할지.. 잘 모르겠습니다. 그에 대한 대책으로, 박물관을 하나 만드는 건 어떻습니까? 박물관을 만들면 얻는 이점이 굉장히 많을 것 같습니다! 초기 투자금이 많이 들지만요.. ",-200,7000,0,5,0,0,0,-5
47,1,"성주님, 이번에 전체적인 정책 및 성 운용 비용들을 점검했습니다. 그 결과, 쓸데없는 곳에 낭비되는 예산이 많다는 것을 알아냈습니다. 특히 고아 지원 정책에서 낭비가 너무 심합니다. 해당 비용을 줄인다면, 더 효율적인 예산 사용이 가능합니다. 해당 예산을 축소하는 것을 건의합니다.",100,0,5,0,-100,0,-5,0
48,1,"성주님, 현재 저희가 일하는 성주 관저가 있는 성 중심부에 인구가 과도하게 밀집되어 있습니다. 이 문제를 해결하기 위해서, 성 외곽 마을에 대한 광고문을 조금 붙여 놓을까요?",0,4000,0,0,0,0,0,0
49,1,"성주님, 최근 주민들의 분위기가 많이 불안합니다. 아마 원인은 성밖 약탈자들에 관한 소문인 것 같습니다. 주민들의 심신을 안정시키기 위해, 바깥 약탈자 처리를 위한 정예 탐험대를 보내고 싶습니다. 허락해 주시겠습니까?",-100,0,0,5,0,0,0,-5
50,1,"성주님, 지금 이상기후로 인해 날씨가 굉장히 덥습니다. 이 이유로 과일 농가들이 심각한 품질 저하로 고통을 호소하고 있습니다. 그들을 구제하는 대책으로, 저희 성에서 품질 저하로 탈락된 농산물들을 대량 사들여 통조림과 같은 가공 식품을 만들어 파는 건 어떨까요?",-100,0,-3,0,100,0,2,0
51,2,"성주님, 현재 성 내의 의원에 '약물중독' 환자들이 급속도로 늘어나고 있다고 합니다. 아무래도 성 안에 일종의 마약이 유입된 것 같습니다. 유입된 경로를 조사해 관련된 자들을 엄하게 처벌하는 것은 어떤가요? 이는 성 안의 모든 이들에게 본보기가 되어줄 겁니다. ",0,20000,-5,5,0,-20000,5,-5
52,2,"성주님, 성의 중앙광장에 쓰여있는 글을 보셨는지요? 오늘 낮 2시 중앙광장에서 흉기난동을 부리겠다는 글이었습니다.  짖궃은 누군가의 장난일수도 있겠지만 이러한 글은 사회적불안을 조성합니다.  게시자를 추적해 붙잡을까요?",0,15000,-7,5,0,-15000,7,-5
53,2,"성주님 , 성의 동쪽 숲 부근에서 실종되는 사람들의 수가 점점 늘어나고 있습니다. 실종신고가 들어오는 시간은 대체로 오후 11시에서 익일 오전 2시까지였습니다. 이 시간대의 동쪽 숲 출입을 통제하는 것은 어떨까요?  ",0,10000,-5,5,0,0,5,-5
54,2,"성주님, 성 안에 심각한 감기가 유행하고 있습니다. 지금까지 조사된 바로는 치사율이 무려 40퍼센트에 달한다고 합니다. 대책을 세워야합니다! 감염자를 격리하여 치료하고, 방역을 실시하는 것은 어떤가요?  또한 치료제를 연구할 연구진을 모집하는 것도 필요할 것입니다. ",0,20000,-3,6,-200,-20000,10,-6
55,2,"성주님, '검은조직'이라는 집단에 대해 아시는지요? 이들은 성 안에서 약탈, 폭행 등의 범죄를 일삼으며 사회적혼란을 일으키는 조직입니다.  검은조직의 조직원들은 이미 몇 번이나 감옥에 가고, 출소하길 반복했습니다. 이번에야말로 강한 처벌이 필요합니다!!",0,-10000,2,6,0,10000,5,-7
56,2,"성주님, 성 안에 신흥종교를 만든 교주가 등장했습니다. 그는 꽤나 많은 주민들에게 신뢰를 얻고 추앙받고 있습니다. 종교를 통해 나름대로 주민들의 마음 속에 안정감을 주고 있는 것 같으면서도, 그들이 행하는 의식을 보면 꽤나 기괴합니다. 이를 제재 하는 것은 어떨까요?",0,-15000,5,7,0,0,0,-6
57,2,"성주님, 성 내에 누군가가 쿠데타를 준비하고 있다는 소문이 돌고있습니다. 이 소문에 동조하는 사람이 많아진다면 정말로 쿠데타가 일어날지도 모릅니다. 되도록 많은 주민들이 소문에 관심을 가지지 않도록 주민들에게 연회를 베풀어 민심을 회복하는 것이 어떨까요?",-200,15000,-5,5,0,-15000,5,0
58,2,"성주님, 자유시장 물건의 가격이 점점 높아져, 가난한 주민들이 생필품조차 구매하는 것을 망설이게되는 상황이 벌어지고 있습니다. 정찰제를 시행하여 물건의 가격을 낮춰 통일시키는 것은 어떨까요? 물론 상인들의 반발이 심할 것으로 예상되긴합니다. 하지만…후우  어떡할까요? 명령을 내려주세요.",200,-15000,0,8,-200,0,8,-5
59,2,성주님! 정찰병에게서 요즘들어 성 밖의 세력들의 움직임이 심상치 않다는 이야기가 들려옵니다. 병력을 보충해야합니다!! 징병 나이를 만 17세로 낮추면 부족한 병력을 채울 수 있을 것 같은데.. 어떠신가요?,-200,0,2,7,0,0,0,-5
60,2,"성주님, 요즘 성 안의 아이들 사이에서 위험한 놀이가 유행하고 있습니다. 아이들은 이를 '기절놀이'라고 부르더군요. 이 놀이 때문에 호흡곤란으로 인해 의원으로 온 아이들이 벌써 약 500명이 넘어가고 있습니다. 무언가 제재가 필요합니다. 아이들을 모아 안전교육을 실행해야합니다! ",0,10000,-5,5,0,-10000,5,0
61,2,"성주님, 물론 언론의 자유를 보장하는 것은 우리에게 있어서 중요한 가치로 여겨져 왔습니다. 하지만 요즘들어 가짜뉴스를 생산하는 조직이 늘어나고 있다는 것을 알게되었습니다. 이는 사회분열과, 불안을 초래할 것 입니다. 요즘은...자유를 조금은 제재하는 것도 필요하다는 생각이 듭니다.. 어떻게 생각하시나요?",0,-10000,-5,-5,0,0,5,7
62,2,"성주님, 성 안의 소들에게 광우병이 유행하고 있습니다. 축산업자들에게 적절한 보상을 지급하고, 광우병 증상을 보이는 소들은 모두 매장할까요? ",-200,0,0,5,0,-15000,5,-5
63,2,"성주님, 며칠 째 폭우가 쏟아지고 있습니다. 이로 인해 강물이 넘치고 곳곳에서 산사태가 발생하고 있어서 실종신고는 물론이고, 사망자들도 나오고있는 실정입니다. 지금 바로 병력을 투입해 수색작업을 시작할까요?",-150,-10000,5,0,0,0,0,0
64,2,"성주님, 왜 비가 오지 않는 것일까요? 이대로 가다간 심한 가뭄이 와서 식량조달에 큰 어려움이 있게될 것입니다. 제 말이 우습게 보이실 수도 있겠지만, 기우제를 지내보는 것은 어떻겠습니까? 이는 주민들의 불안감을 한층 감소시킬 수 있을 것입니다. ",-200,0,0,5,0,-10000,5,0
65,2,"성주님, 요즘들어 폭력성을 띄는 주민들이 많아지고 있는 것 같습니다. 제 생각엔.. 과도한 노동으로 인한 스트레스가 쌓인 것이 원인인 것 같은데.. 임시공휴일을 지정하여 주민들에게 '쉼'을 선사하시는 것은 어떨까요? ",-200,10000,-5,5,0,-15000,5,-5
66,2,"성주님, 누군가가 담배꽁초를 산에다 버려 큰 산불이 났습니다! 지금바로 진화가 필요합니다 ",0,0,0,5,0,-20000,5,-5
67,2,"성주님, 요근래 성 안에서 일어나는 범죄행위의 빈도 수가 점점 늘어나고 있습니다. 이를 해결하기 위해선 더욱 강력한 법안의 제정이 필요하다는 생각이 듭니다. 관련사안에 대해 대신들을 모아 회의를 진행해도 될까요? ",0,20000,-7,6,0,-15000,6,-6
68,2,"성주님, 대신들 사이에 작당을 모의해 성주님을 몰아내려는 세력이 있다는 것을 파악했습니다. 기존에 있던 대신들을 몰아내고, 시험을 통해 새로운 인재를 등용하는 것은 어떠신지요?",0,10000,-5,5,0,-12000,5,-6
69,2,"성주님, 섬의 북쪽지역에서 이름모를 새로운 작물이 발견되었다고 합니다. 이 작물을 더 연구해볼까요?",200,10000,0,5,0,0,0,0
70,2,"성주님, 성 안에 쥐들이 너무 많습니다… (찍찍..찍) 이대로 가다간 쥐들이 전염병의 원인이 될 수도 있겠지요.. 쥐 덫을 놓아 빠르게 처리해야합니다!",-120,0,-5,0,0,-20000,7,-5
71,2,어라? 성주님 신비하게 생긴 버섯을 발견했습니다..! 이 버섯을 좀 더 연구해볼까요?,0,20000,-6,5,0,0,0,0
72,2,"성주님, 성 안의 지게꾼들이 모두 파업했습니다! 그들이 요구하는 것은 지게꾼들의 임금인상과 처우개선입니다 .. 제 생각엔 하루빨리 그들의 요구를 들어주어 주민들의 불편함을 줄이는 것이 나을 것 같은데.. 어떻게 생각하시나요?",-180,10000,0,0,0,-13000,0,0
73,2,"성주님, 요즘 강의 물살이 심상치가 않습니다. 당분간은 강 출입을 통제하고, 댐을 강화하는 것이 어떨까요?",-160,0,0,0,0,-10000,7,-6
74,2,"성주님, 돈이 부족하여 기초교육을 받지 못하는 어린이들이 늘어나고 있습니다 . 조금의 자원을 투자하여 이들을 무료 교육해주는 것은 어떨까요? 아이들은 우리의 미래니까요 (하하)",-200,17000,-5,8,0,0,8,-6
75,2,성 앞에서 배고픔을 호소하는 주민들의 수가 늘어나고 있습니다. 창고에 있는 식량을 풀어 그들에게 나눠줄까요? ,-190,0,-6,5,0,-10000,6,-5
76,2,요즘 병사들 사이에서 가혹행위가 많이 일어나고 있다는 사실을 알게되었습니다. 인력을 투입하여 조사를 시작할까요?,-100,0,0,8,0,0,7,-6
77,2,"어린 아이들 사이에서 옷차림으로 신분을 나누고, 그에 따라 행동하는 등의 문제가 일어나고 있습니다. ..쓰읍 저는 이 문제를 '교복'을 통해서 해결할 수 있다고 보는데.. 어떻게 생각하시나요?",-200,0,-5,5,0,0,6,-5
78,2,"성주님, 우리 성의 법 중에는 만 12세 이하의 아이가 범죄를 저지르면 훈방조치를 하는 법이 있지않습니까? 하지만 이를 악용하여 어린아이들이 절도범죄를 많이 일으키는군요.. 법을 제정비할 필요가 있을 거 같은데 어떻게 생각하시나요?",0,0,0,8,0,0,5,-6
79,2,접수되는 허위신고가 부쩍 늘었습니다 . 무조건적인 출동은 공권력의 낭비라고 생각됩니다만.. 음 제 생각엔 상황을 봐 가면서 출동하는 것이 좋을 것 같은데요.. 성주님께서는 어떻게 생각하시는지요?,0,-18000,7,-5,0,0,0,7
80,2,"성주님 ! 성 곳곳에서 학생들이 담배를 핀다는 신고가 늘고있습니다 .. 인력을 들여 학교에 외부 교육강사를 파견한 후, 교육을 실시할까요?",-200,0,0,5,0,0,5,0
81,2,성의 이곳저곳에서 불법도박을 하다가 적발되는 이들의 수가 늘어나고 있습니다. 이들을 구속하고 알맞은 교육을 실시할까요?,0,0,-5,0,0,0,5,-6
82,2,성벽 틈 사이사이에 금이 가는 게 보이는 것 같습니다.. 하지만 요며칠 비가 온다는 소식이 있어서 공사가 망설여지는데요.. 공사를 당장 진행해도 될까요?,-200,0,0,5,0,-15000,5,-7
83,2,강한 태풍이 작물들을 쓸어갔습니다 식량이 부족합니다 !..그리고 피해를 본 주민들의 수도 상당합니다.  창고를 개방하여 흉년을 대비해서 모아둔 식량을 주민들에게 나누어 주어야할 것 같습니다.. ,-200,-10000,0,0,0,-20000,6,-5
84,2,"성주님, 이번에 새로지은 건물이 부실공사라는 의혹에 휩싸였습니다.. 제가 보기에도 건물의 넓이에 비해 기둥이 턱 없이 부족한 것 같습니다 . 새로운 법령으로, 특정 넓이 이상이 되면 필수적으로 세워야하는 기둥의 개수를 정하는 것은 어떨까요?",-190,0,-5,0,0,-20000,7,-5
85,2,"부유한 층의 주민들 사이에서 고리대금을 통해 이익을 취하는 행위가 일어나고 있고, 이를 통해 빈곤층 주민들이 고통을 받는다는 소식을 접했습니다 .. 성주님 공적인 대출기관을 만들어서 이 악순환을 끊는 것은 어떠신지요? ",-200,10000,-5,-5,0,-20000,8,0
86,2,성주님! 주민들의 자금을 관리하는 중앙은행이 부도가 날 위기에 처해있다고 합니다. 이로인해 중앙은행에서 대출을 부탁하는 서신을 보내왔습니다. 제 생각에는 대출을 해주는 것이 좋을 것 같은데.. 어떻게 생각하시는지요? ,0,0,0,5,-200,-10000,5,-5
87,2,자연재해의 발생 빈도가 점점 늘어나고 있습니다. 자연재해가 일어났을 시 주민들이 어떻게 해야하는지 행동강령을 만들어서 배포하고 훈련을 시행해야합니다..! 지금 당장은 많은 자원이 소비되겠지만 결과적으로는 이득을 불러올 것입니다. ,-200,0,0,0,0,-17000,0,0
88,2,병사들의 처우개선이 필요하다는 민원이 많이 접수되고 있습니다. 제가 보기엔 들어가는 예산에 비해서 군사들에게 전해지는 혜택의 실태는 처참한 것 같습니다. 어디선가 횡령이 일어나고 있는 것 같은데.. 한 번 조사해봐도 될까요? ,-200,-10000,0,5,0,-18000,6,-6
89,2,성주님! 성 안에 정체모를 벌레들이 너무 가득합니다 이것들은 마을의 미관을 심하게 해치며.. 사람들을 물기까지 합니다 마을 전체에 화학물질을 살포하여 방역을 실시해도될까요?,0,-15000,5,-5,-200,-10000,5,0
90,2,계속해서 살인사건이 일어납니다.. 매번 같은 흔적을 남기는 것을 보니 한 사람의 소행인 것 같습니다. 모든 병력을 총동원해서 범인을 찾아야합니다 !,0,0,0,5,0,0,6,-5
91,2,우웨에에엑…웨에에엑..성주님..저뿐만 아니라 많은 사람들이 먹은 물로 인해 구토를 하고 있습니다..수질에 문제가 생긴 것 같습니다. 한시라도 빨리 연구원들을 보내 조사를 해야 할 것 같습니다. 지금 당장 파견할까요?,0,10000,-5,6,0,-10000,5,-5
92,2,"모두 코와 입을 가려!!! 성주님, 어서 대피하셔야 합니다!! 동쪽 별채에서 화재가 발생했습니다. 지금 당장 응급구조대를 보내어 화재를 진압할까요?",0,10000,-5,5,0,-10000,5,-5
93,2,헤롱헤롱…털썩..성주님…성 내에 마약이 퍼지고 있습니다. 의도치 않게 음식이나 물을 통해 마약을 접하는 사람들이 늘어나고 있습니다. 저 또한…그렇고요…한시라도 빨리 마약 수급자를 찾아내어 막아야 할 것 같습니다. 치안대를 보내 조사를 해볼까요?,0,15000,-5,5,0,-10000,6,-5
94,2,"성주님, 성 외곽 부근에서 들개 무리가 주민들을 공격하는 일이 빈번해지고 있다 합니다. 주민들의 안전을 위해 처리를 해야 할 듯한데..치안대를 보낼까요?",0,12000,-5,6,0,-10000,5,-6
95,2,"성주님, 해충이 너무 많이 증식하여 농작물들이 제대로 재배되지 않고 있습니다. 농부들의 아우성이 하늘을 찌르고 있습니다. 어서 해충을 박멸하라 지시를 내릴까요?",200,10000,-5,8,0,-12000,5,-6
96,2,"성주님, 배고픔에 허덕이다 아사하는 사람들이 늘어나고 있습니다. 더 이상의 죽음을 막기 위해 일주일 간 무료 급식소를 운영하는 것은 어떨까요?",-200,10000,-6,5,100,-15000,5,-7
97,2,콜록콜록!콜록…성주님..알 수 없는 병이 성 내에 돌고 있습니다. 점점 기침을 하는 주민들이 늘어나고 있습니다. 일단 급한 불을 끄기 위해 임시 보건소를 운영해야 할 것 같습니다. 진행할까요?,0,11000,-5,6,0,-10000,8,-5
98,2,쿠구구궁! 쾅! 성주님!! 서쪽 격납고에서 폭발이 발생했다고 합니다. 어서 몸을 피하셔야 합니다! 아직 괜찮은 무기들은 옮겨두고 화재를 진압해야 할 것 같은데 사람들을 보낼까요?,0,10000,-5,5,0,-10000,6,-5
99,2,번쩍! 우르릉 쾅쾅! 성주님! 엄청난 호우로 인해 농작물들과 주민들이 피해를 입고 있습니다. 우선 임시 대피소를 만들고 식량을 보급해줘야 할 것 같은데 진행할까요?,-200,12000,-6,6,0,-11000,5,-6
100,2,"성주님, 성 안에 기밀 문서를 몰래 반란 세력들에게 빼돌리는 간신배가 있다고 합니다. 어서 이 자를 축출해내야 혼란을 막을 수 있습니다. 치안대를 통해 알아보게 할까요?",0,10000,-6,5,0,-12000,5,-5
101,3,"성주님, 어떤 괴짜 연구자가 구리와 납을 오븐에 넣고 구워 초전도체를 만들어냈다고 주장하고 있습니다… 그러나 이와 관련된 전문가가 없어 검증이 불가능한 상황입니다. 이 자에게 상을 내려야 할까요? ",200,15000,-7,7,-150,-10000,10,-7
102,3,"성주님, 성 내 의료 시설 부족으로 치료가 필요한 사람들이 치료를 제대로 받지 못하고 있습니다. 그러나 의료 시설을 확충할 물자가 부족한 상황입니다... 의료 시설을 확충할까요?",-50,20000,-10,10,0,-20000,10,-12
103,3,성주님 안녕하세요! 성 한쪽 구석에 정체불명의 버섯이 다량 생겨났습니다. 버섯에 대한 지식이 있는 전문가가 없어 자세한 조사가 힘든 상황입니다. 식용으로 삼아도 괜찮을까요? 성주님의 판단이 필요합니다. ,300,10000,0,2,-100,0,0,0
104,3,성주님 안녕하세요. 새로운 품종의 씨앗을 키우는 중에 물 사용량이 많다는 보고가 들어왔습니다. 이 작물을 계속 키워야 할지에 대한 성주님의 결단이 필요합니다.,300,15000,-5,0,-100,-12000,0,0
105,3,"성주님, 성 밖으로부터 외부인이 침입을 시도하고 있습니다. 꽤 굶은 상태인 것으로 보입니다... 하지만 안전과 보안을 위해서는 이러한 침입을 허용할 수 없습니다. 소탕할까요? 결정을 내려주시기 바랍니다. ",100,0,0,0,-200,-15000,12,-10
106,3,성주님! 신원을 추정할 수 없는 외부인이 성문을 마구 두드리고 있습니다. 말이 통하지 않아 정확한 의도와 목적이 불분명한 상황입니다… 성문을 열어줘야 할까요? ,-200,-15000,5,0,0,0,10,0
107,3,"성주님, 최근 날씨가 매우 뜨거워져 사람들이 열사병으로 고통을 호소하고 있습니다. 또한 성 보수작업을 하던 인부들도 휴가를 강력하게 원하고 있습니다... 이들에게 휴가를 부여할까요?",-200,0,-10,10,0,-20000,10,-10
108,3,"성주님, 누군가가 성 밖에서 보물지도를 발견했다고 합니다. 누가 제작한 것인지, 보물이 무엇인지조차 불분명합니다. 하지만 매우 귀중한 보물이 잠들어 있을지도 모른다는 생각이 듭니다… 성 밖으로 조사대를 파견하여 한번 조사해 볼까요?",-150,-10000,-4,0,0,0,0,-5
109,3,"성주님, 인근 숲에서 괴생명체를 목격했다는 보고가 접수되었습니다. 미리 정찰대를 파견하여 조사할 지, 조금 더 관찰하며 상황을 지켜보아야 할 지 결정하여 주시기 바랍니다. 성주님의 수락이 있으면 즉시 정찰대를 파견하도록 하겠습니다. 최선의 결정을 기다리고 있겠습니다.",150,0,-5,5,-100,-15000,5,-5
110,3,"성주님, 급합니다! 1번과 2번 둘 중에 아무거나 골라주세요. 1번이 나을까요 2번이 나을까요? 역시 1번이겠죠? ",-50,-5000,-5,5,50,5000,5,-5
111,3,"성주님, 안녕하세요. 어떤 주술사가 마시면 늙지 않는다는 약을 가져왔습니다. 성주님에 대한 충성심이 예사롭지 않아보이긴 했습니다만... 수상해보이는것도 사실입니다. 마셔보시겠습니까?",100,5000,-5,0,0,0,0,0
112,3,"성주님 안녕하세요. 범죄자를 성 밖으로 쫓아내는 형벌이 제안되고 있는데 어떻게 생각하시는지 여쭙고 싶습니다. 범죄 행위로 인한 사회적 위협이 줄어들어 찬성하는 사람도 많고, 사실상 사형과 다름 없다며 반대하는 사람도 많습니다. 이 사안에 대해 찬성하십니까?",-100,-5000,0,0,0,0,0,0
113,3,"성주님, 비가 너무 많이 내려 도서관이 침수되었습니다! 성의 일부 재정 기록이 날아갔습니다만…. 침수 피해를 복구해야하는 상황에 추가적인 노동력을 소요하여 이것을 복구해야 할지 고민입니다. 성주님의 판단이 필요합니다. ",100,5000,0,5,0,0,0,-5
114,3,"성주님! 요즘 비가 너무 많이옵니다. 언제 건물이 무너질지 몰라 보수공사를 해야하지 않을까 싶습니다. 자원이 꽤 소모되겠지만, 건물을 검사하고 필요한 보수공사를 실시하여 주민들의 안녕과 안전을 보장하는 것이 중요합니다. 허락해주십시오! ",-300,0,-10,12,0,-10000,5,-5
115,3,성주님! 요즘 누군가가 성 내 창고에서 물건을 조금씩 훔치는 것 같습니다. 그 창고는 아무도 쓰지 않아 쓰레기장과 다를 것이 없긴 합니다만… 아무래도 신경쓰입니다. 매복해서 체포할까요? ,0,-5000,0,-7,0,0,0,0
116,3,"성주님, 안녕하세요! 성 외곽의 외부인이 식량과 인력을 지원해줄 것을 요구하고 있습니다. 목적을 물어도 밝히지 않아 매우 수상합니다. 이들을 지원해주어야 할까요?",-100,10000,-10,10,0,-5000,-5,5
117,3,"성주님, 사람들이 오이를 섭취하고 목이 붓는 '오이병'에 대한 보고가 접수되었습니다. 이에 대한 적절한 해결방법을 찾지 못하여 더 이상 성 내에서 오이를 재배하지 않는 정책을 시행하려고 합니다. 그러나 오이를 좋아하는 파벌이 이를 강력하게 반대하고 있습니다. 오이를 계속 재배해야 할까요?",200,10000,5,0,-100,-5000,-5,0
118,3,"성주님! 지속적인 호우로 침수 피해가 상당합니다. 건물이 무너져내리고 각종 물자들이 떠내려가고 있습니다… 거처를 잃은 사람들을 위한 대피소 구축을 진행중이었으나, 비가 너무 많이 내려서 그조차도 어렵습니다. 작업을 속행해야 할까요?",-100,5000,-10,10,-100,-10000,10,-10
119,3,"성주님, 안녕하세요. 어떤 주술사가 마시면 불사가 된다는 약을 가져왔습니다. 성주님에 대한 충성심이 예사롭지 않아보이긴 했습니다만... 수상해보이는것도 사실입니다. 마셔보시겠습니까?",100,5000,-5,0,0,0,0,0
120,3,"성주님, 최근 날씨가 꽤 추워져 사람들이 추위에 불만을 표하고 있습니다. 또한 성 보수작업을 하던 인부들도 휴식을 강력하게 원하고 있습니다... 이들에게 휴식을 부여할까요?",-200,0,-10,10,0,-20000,10,-10
121,3,"성주님, 현재 수도에 과도한 인구 밀집 현상이 벌어지고 있습니다. 이로 인해 수도 외곽 지역은 인력 부족으로 몸살을 앓고 있습니다. 수도에서는 너무 많은 인구로 인해, 시장은 물품을 내놓는 대로 모두 팔려 생필품 값이 급상승하고 있습니다. 거리에는 오물이 넘쳐납니다. 하루빨리 인구를 분산시켜야 합니다. 극단적인 해결책이지만, 특정 인원들을 선정해  외곽 지역에 강제 이주 시키는 방안은 어떻게 생각하십니까?",0,17000,15,-5,0,-17000,-15,5
122,3,"성주님, 현재 교도소에서 재소자들의 반란이 일어났습니다!  현재 죄수들이 중앙 교도소에서 각종 흉기를 가진 채 쏟아져 나오고 있습니다. 교도소 근처 지역에 화재, 강도 등 각종 범죄가 들끓고 있고 재소자들은 마을 곳곳에 숨어들었습니다. 하루 빨리 탈옥 재소자들을 모두 체포해야 합니다. 탈옥수 발견 시, 즉결 체포 및 반항 시 사살 가능하도록 허락하시겠습니까?",0,15000,20,10,0,-5000,-5,-10
123,3,"성주님, 현재 무기 판매 관련하여 수상한 정황을 포착했습니다. 철제 창과 검 약 10000개가 북쪽 성곽 마을로 보고 없이 이동되었다는 첩보가 들어왔습니다. 현재 그 원인과 이유는 알지 못합니다. 해당 마을의 반란 가능성이 있어 보입니다. 물론 반란이 아닐 가능성도 있지만.. 만일을 위해 선제적으로 해당 마을을 처리하는건 어떻게 생각하십니까, 성주님?",0,-15000,10,-5,-300,0,0,0
124,3,"성주님, 현재 서쪽 성벽에 큰 문제가 생겼습니다. 기반이 되는 성 하부 돌들에 큰 균열들이 보이기 시작했습니다. 아직은 돌이 완전히 깨지거나 성벽이 내려앉는 전조는 보이지 않습니다. 성 보강 작업을 실시하시겠습니까? 굉장히 많은 양의 예산 할당이 필요합니다.  ",-250,0,0,5,0,-12000,0,-5
125,3,"성주님, 어떤 괴한이 내일 곡창지대에 불을 지르겠다는 테러문을 중앙 게시판에 붙였습니다. 그러나 문제는, 저희 성에 곡창지대가 북쪽, 남쪽 총 2곳이 있는데 어느 곡창지대에 테러가 발생할 지 예측 불가능 하다는 것입니다.  경비 인원은 한정되어 있기에.. 둘 중 한 곳에만 집중적으로 경비 배치가 가능합니다. 북쪽에 경비 집중을 하시겠습니까? 결정해 주십시오.",-200,0,0,-10,300,0,0,10
126,3,"성주님, 큰일입니다. 성주님이 오늘 드시기로 예정됬었던 음식에 독이 검출되었습니다. 현재 범인으로 예상되는 조리장, 하녀들을 모두 구속했습니다. 그들 모두를 지하감옥에 수감해 심문해야 된다고 생각합니다. 성주님의 안전을 지키기 위해서입니다. 허가해 주십시오.",0,0,10,10,0,0,-10,-5
127,3,"성주님, 현재 성으로 대규모의 이주자들이 몰려들고 있습니다. 아마 그 이유로는.. 1달 전 어떤 지역에서 대지진이 발생했다는 소문이 돌았습니다. 그 지역에서 떠난 주민들로 예상됩니다.. 현재 성 밖에서 이주를 원하는 사람이 너무 많아 담당 공무원이 일을 처리할 수 없을 정도입니다. 몇몇 무리들은 성벽을 두드리고 부수려고 시도하는 등 과격한 행동을 보이기도 합니다. 그들을 강제로 진압할까요?",0,-5000,5,10,0,18000,-5,-5
128,3,"성주님, 성에 노숙자들이 들끓고 있습니다. 노숙자들로 인해 거리가 더러워지고, 도시 미관 또한 저하됩니다. 그들은 소매치기나 불법적인 일로 돈을 버는 경우가 높고, 마약에 취해 있습니다. 그들을 모두 잡아들여 추방해야 합니다. 허가를 부탁드립니다.",150,-1000,5,5,-100,0,-5,-5
129,3,"성주님, 성에 토네이도가..! 폭풍이..! 큰일났습니다! 집들이 날아가고 있어요…! 토네이도의 이동 방향에서 주민들을 대피시켜야 하는데…   저희 성은 주로 편서풍이 불고, 현재 태풍은 남쪽에 있습니다. 주민들을 북동쪽으로 대피시킬까요, 북서쪽으로 대피시킬까요? 북동쪽을 원하신다면 상소문 수락을 부탁드립니다!",0,-20000,0,-15,0,0,0,20
130,3,"성주님, 현재 성 내 시장 상인들을 협박하는 지하 갱단이 있다고 합니다. 상인들에게 자릿세를 요구하고, 거부하면 해당 상점을 부수고 상인을 마구잡이로 폭행한다고 합니다. 그들을 제지해야 합니다. 원래 약 1000명의 자경대원을 동원할려고 했지만, 재무대신이 너무 과도한 예산이 들어간다고 조언했습니다. 그 내용을 수용해 약 100명의 자경대원을 동원하려고 합니다. 수락하시겠습니까?",-100,-1000,0,-10,0,5000,0,10
